{"train_loss": 0.09140290558338166, "_timestamp": 1684307142.361521, "_runtime": 51.77089595794678, "_step": 200, "_wandb": {"runtime": 58}}