{"train_loss": 0.03317455188836902, "_timestamp": 1684443812.922916, "_runtime": 115653.09117794037, "_step": 248800, "PSNR": 25.54872262164307, "SSIM": 75.74926432829147, "val_loss": 0.03152390941977501, "_wandb": {"runtime": 115676}}