{"train_loss": 0.015209338110871613, "_timestamp": 1684327651.101421, "_runtime": 20448.898160219193, "_step": 51800}