{"train_loss": 0.012889643337111921, "_timestamp": 1684478100.6246057, "_runtime": 170898.42134475708, "_step": 294800}