{"train_loss": 0.04959273342974484, "_timestamp": 1684307347.3041525, "_runtime": 145.1008915901184, "_step": 600}