{"train_loss": 0.022791837544646115, "_timestamp": 1684478133.6798227, "_runtime": 154848.16502475739, "_step": 433400}