{"train_loss": 0.02790602672379464, "_timestamp": 1684328076.2941484, "_runtime": 4790.77935051918, "_step": 19000}